{"data_time": 0.006456271499928334, "eta_seconds": 132.23713817996213, "fast_rcnn/cls_accuracy": 0.01171875, "fast_rcnn/false_negative": 0.02361111111111111, "fast_rcnn/fg_cls_accuracy": 0.0, "iteration": 19, "loss_box_reg": 0.6039382517337799, "loss_cls": 2.707818627357483, "loss_rpn_cls": 0.034917427226901054, "loss_rpn_loc": 0.012294307351112366, "lr": 4.99525e-06, "roi_head/num_bg_samples": 105.5, "roi_head/num_fg_samples": 22.5, "rpn/num_neg_anchors": 247.25, "rpn/num_pos_anchors": 8.75, "time": 0.47227549349986475, "total_loss": 3.3769391519017518}
{"data_time": 0.005695299000080922, "eta_seconds": 122.17196498007524, "fast_rcnn/cls_accuracy": 0.056640625, "fast_rcnn/false_negative": 0.2573510278428311, "fast_rcnn/fg_cls_accuracy": 0.0, "iteration": 39, "loss_box_reg": 0.7280747890472412, "loss_cls": 2.6100642681121826, "loss_rpn_cls": 0.043019434437155724, "loss_rpn_loc": 0.013174588326364756, "lr": 9.99025e-06, "roi_head/num_bg_samples": 102.25, "roi_head/num_fg_samples": 25.75, "rpn/num_neg_anchors": 246.5, "rpn/num_pos_anchors": 9.5, "time": 0.46909374350025246, "total_loss": 3.459034686209634}
{"data_time": 0.00614307599971653, "eta_seconds": 113.04305015999489, "fast_rcnn/cls_accuracy": 0.5234375, "fast_rcnn/false_negative": 0.6800937766410913, "fast_rcnn/fg_cls_accuracy": 0.0, "iteration": 59, "loss_box_reg": 0.7685214579105377, "loss_cls": 2.3782702684402466, "loss_rpn_cls": 0.032786859199404716, "loss_rpn_loc": 0.010905581526458263, "lr": 1.4985249999999999e-05, "roi_head/num_bg_samples": 100.25, "roi_head/num_fg_samples": 27.75, "rpn/num_neg_anchors": 248.0, "rpn/num_pos_anchors": 8.0, "time": 0.4821043955000732, "total_loss": 3.1613317041192204}
{"data_time": 0.005975155500209439, "eta_seconds": 104.3758720400001, "fast_rcnn/cls_accuracy": 0.794921875, "fast_rcnn/false_negative": 1.0, "fast_rcnn/fg_cls_accuracy": 0.0, "iteration": 79, "loss_box_reg": 0.6905108988285065, "loss_cls": 2.0390950441360474, "loss_rpn_cls": 0.03765880689024925, "loss_rpn_loc": 0.011622543446719646, "lr": 1.998025e-05, "roi_head/num_bg_samples": 103.0, "roi_head/num_fg_samples": 25.0, "rpn/num_neg_anchors": 247.5, "rpn/num_pos_anchors": 8.5, "time": 0.4889895334999892, "total_loss": 2.772678193403408}
{"data_time": 0.0056735785001365, "eta_seconds": 95.40556820002166, "fast_rcnn/cls_accuracy": 0.78125, "fast_rcnn/false_negative": 1.0, "fast_rcnn/fg_cls_accuracy": 0.0, "iteration": 99, "loss_box_reg": 0.7500052750110626, "loss_cls": 1.5798141956329346, "loss_rpn_cls": 0.035778431221842766, "loss_rpn_loc": 0.014687971211969852, "lr": 2.497525e-05, "roi_head/num_bg_samples": 100.0, "roi_head/num_fg_samples": 28.0, "rpn/num_neg_anchors": 244.75, "rpn/num_pos_anchors": 11.25, "time": 0.4855189084998983, "total_loss": 2.5508914217352867}
{"data_time": 0.005080881000139925, "eta_seconds": 86.06374983001842, "fast_rcnn/cls_accuracy": 0.775390625, "fast_rcnn/false_negative": 1.0, "fast_rcnn/fg_cls_accuracy": 0.0, "iteration": 119, "loss_box_reg": 0.8217566907405853, "loss_cls": 1.1342291831970215, "loss_rpn_cls": 0.022756624035537243, "loss_rpn_loc": 0.010495092254132032, "lr": 2.997025e-05, "roi_head/num_bg_samples": 99.25, "roi_head/num_fg_samples": 28.75, "rpn/num_neg_anchors": 247.75, "rpn/num_pos_anchors": 8.25, "time": 0.4866116950001924, "total_loss": 1.9409781685099006}
{"data_time": 0.005336875000011787, "eta_seconds": 76.47441728000558, "fast_rcnn/cls_accuracy": 0.810546875, "fast_rcnn/false_negative": 1.0, "fast_rcnn/fg_cls_accuracy": 0.0, "iteration": 139, "loss_box_reg": 0.6740658283233643, "loss_cls": 0.8394511640071869, "loss_rpn_cls": 0.024310223758220673, "loss_rpn_loc": 0.007754282094538212, "lr": 3.496525e-05, "roi_head/num_bg_samples": 103.75, "roi_head/num_fg_samples": 24.25, "rpn/num_neg_anchors": 245.75, "rpn/num_pos_anchors": 10.25, "time": 0.4769468270001198, "total_loss": 1.497122163651511}
{"data_time": 0.005013458000121318, "eta_seconds": 66.91511512000488, "fast_rcnn/cls_accuracy": 0.78515625, "fast_rcnn/false_negative": 1.0, "fast_rcnn/fg_cls_accuracy": 0.0, "iteration": 159, "loss_box_reg": 0.7624563276767731, "loss_cls": 0.7519709765911102, "loss_rpn_cls": 0.025040403008461, "loss_rpn_loc": 0.009740065317600965, "lr": 3.996025e-05, "roi_head/num_bg_samples": 100.5, "roi_head/num_fg_samples": 27.5, "rpn/num_neg_anchors": 246.5, "rpn/num_pos_anchors": 9.5, "time": 0.4760783170002014, "total_loss": 1.5445921765640378}
{"data_time": 0.005374864999794227, "eta_seconds": 57.36854142001903, "fast_rcnn/cls_accuracy": 0.810546875, "fast_rcnn/false_negative": 1.0, "fast_rcnn/fg_cls_accuracy": 0.0, "iteration": 179, "loss_box_reg": 0.6583055257797241, "loss_cls": 0.6502006947994232, "loss_rpn_cls": 0.03255937062203884, "loss_rpn_loc": 0.01186061231419444, "lr": 4.4955249999999996e-05, "roi_head/num_bg_samples": 103.75, "roi_head/num_fg_samples": 24.25, "rpn/num_neg_anchors": 246.75, "rpn/num_pos_anchors": 9.25, "time": 0.48108760800005257, "total_loss": 1.4399790689349174}
{"data_time": 0.006031365000126243, "eta_seconds": 47.79651080000349, "fast_rcnn/cls_accuracy": 0.8125, "fast_rcnn/false_negative": 1.0, "fast_rcnn/fg_cls_accuracy": 0.0, "iteration": 199, "loss_box_reg": 0.6410551965236664, "loss_cls": 0.5953389108181, "loss_rpn_cls": 0.017300475388765335, "loss_rpn_loc": 0.012561224400997162, "lr": 4.995025e-05, "roi_head/num_bg_samples": 104.0, "roi_head/num_fg_samples": 24.0, "rpn/num_neg_anchors": 246.25, "rpn/num_pos_anchors": 9.75, "time": 0.469402317499771, "total_loss": 1.300688705407083}
{"data_time": 0.0057456915001239395, "eta_seconds": 38.23720864000279, "fast_rcnn/cls_accuracy": 0.771484375, "fast_rcnn/false_negative": 1.0, "fast_rcnn/fg_cls_accuracy": 0.0, "iteration": 219, "loss_box_reg": 0.8060846626758575, "loss_cls": 0.6058703064918518, "loss_rpn_cls": 0.02122839167714119, "loss_rpn_loc": 0.01278556790202856, "lr": 5.4945249999999994e-05, "roi_head/num_bg_samples": 98.5, "roi_head/num_fg_samples": 29.5, "rpn/num_neg_anchors": 245.75, "rpn/num_pos_anchors": 10.25, "time": 0.4773040894999667, "total_loss": 1.4585661171004176}
{"data_time": 0.006080977500005247, "eta_seconds": 28.68791661000614, "fast_rcnn/cls_accuracy": 0.826171875, "fast_rcnn/false_negative": 0.8120216836734694, "fast_rcnn/fg_cls_accuracy": 0.17777423469387754, "iteration": 239, "loss_box_reg": 0.8053779304027557, "loss_cls": 0.532593160867691, "loss_rpn_cls": 0.02412206493318081, "loss_rpn_loc": 0.010523350909352303, "lr": 5.994025e-05, "roi_head/num_bg_samples": 98.75, "roi_head/num_fg_samples": 29.25, "rpn/num_neg_anchors": 246.5, "rpn/num_pos_anchors": 9.5, "time": 0.5017324015000213, "total_loss": 1.3686800110153854}
{"data_time": 0.004749853500015888, "eta_seconds": 19.151081839991093, "fast_rcnn/cls_accuracy": 0.845703125, "fast_rcnn/false_negative": 0.7984375, "fast_rcnn/fg_cls_accuracy": 0.178125, "iteration": 259, "loss_box_reg": 0.6483749151229858, "loss_cls": 0.3842832148075104, "loss_rpn_cls": 0.0204248009249568, "loss_rpn_loc": 0.007785696070641279, "lr": 6.493524999999999e-05, "roi_head/num_bg_samples": 103.5, "roi_head/num_fg_samples": 24.5, "rpn/num_neg_anchors": 249.25, "rpn/num_pos_anchors": 6.75, "time": 0.4961542234998433, "total_loss": 1.0605639659333974}
{"data_time": 0.005745957000044655, "eta_seconds": 9.591407459997754, "fast_rcnn/cls_accuracy": 0.865234375, "fast_rcnn/false_negative": 0.5303308823529411, "fast_rcnn/fg_cls_accuracy": 0.3984375, "iteration": 279, "loss_box_reg": 0.7381114959716797, "loss_cls": 0.38160549104213715, "loss_rpn_cls": 0.020302345976233482, "loss_rpn_loc": 0.013740554917603731, "lr": 6.993025000000002e-05, "roi_head/num_bg_samples": 99.75, "roi_head/num_fg_samples": 28.25, "rpn/num_neg_anchors": 247.0, "rpn/num_pos_anchors": 9.0, "time": 0.4928527319998466, "total_loss": 1.2001504437066615}
{"data_time": 0.005382976999953826, "eta_seconds": 0.0, "fast_rcnn/cls_accuracy": 0.90234375, "fast_rcnn/false_negative": 0.3413665254237288, "fast_rcnn/fg_cls_accuracy": 0.6, "iteration": 299,