{"data_time": 0.005182586500040998, "eta_seconds": 962.3612460697177, "iteration": 19, "loss_box_reg": 0.29770006239414215, "loss_cls": 1.2676734924316406, "lr": 1.9981e-05, "num_pos_anchors": 73.0, "time": 0.982001271499712, "total_loss": 1.5642654299736023}
{"data_time": 0.04465553450017978, "eta_seconds": 841.0715255999094, "iteration": 39, "loss_box_reg": 0.32639382779598236, "loss_cls": 1.2259350419044495, "lr": 3.9961e-05, "num_pos_anchors": 80.75, "time": 0.3532469614999627, "total_loss": 1.5835223644971848}
{"data_time": 0.07212139649959681, "eta_seconds": 381.41030019006394, "iteration": 59, "loss_box_reg": 0.23922504484653473, "loss_cls": 0.8100943267345428, "lr": 5.9940999999999994e-05, "num_pos_anchors": 64.75, "time": 0.36062799850014926, "total_loss": 1.009748451411724}
{"data_time": 0.05844967500001985, "eta_seconds": 343.06961873989167, "iteration": 79, "loss_box_reg": 0.2519564628601074, "loss_cls": 0.7451171576976776, "lr": 7.992100000000001e-05, "num_pos_anchors": 66.75, "time": 0.3449218614998699, "total_loss": 1.0286561250686646}
{"data_time": 0.08060097749989836, "eta_seconds": 333.80390159993567, "iteration": 99, "loss_box_reg": 0.24392466992139816, "loss_cls": 0.6980649530887604, "lr": 9.9901e-05, "num_pos_anchors": 78.25, "time": 0.3606845305000661, "total_loss": 0.9582129120826721}
{"data_time": 0.0731578704999265, "eta_seconds": 324.19163480011775, "iteration": 119, "loss_box_reg": 0.1781185120344162, "loss_cls": 0.46255141496658325, "lr": 0.000119881, "num_pos_anchors": 62.5, "time": 0.35565685950018633, "total_loss": 0.6506377011537552}
{"data_time": 0.07749904499996774, "eta_seconds": 314.40718242005005, "iteration": 139, "loss_box_reg": 0.2796829491853714, "loss_cls": 0.41041892766952515, "lr": 0.00013986100000000002, "num_pos_anchors": 68.0, "time": 0.3588192044999232, "total_loss": 0.7201253920793533}
{"data_time": 0.06711066449975078, "eta_seconds": 303.3120741001312, "iteration": 159, "loss_box_reg": 0.2520504593849182, "loss_cls": 0.39521779119968414, "lr": 0.000159841, "num_pos_anchors": 72.25, "time": 0.3506392775000222, "total_loss": 0.6478432416915894}
{"data_time": 0.0636546465000265, "eta_seconds": 294.8219955802415, "iteration": 179, "loss_box_reg": 0.19932115077972412, "loss_cls": 0.32953839004039764, "lr": 0.00017982099999999998, "num_pos_anchors": 73.25, "time": 0.3439024380002138, "total_loss": 0.5383122935891151}
{"data_time": 0.0736104835000333, "eta_seconds": 290.6721716000902, "iteration": 199, "loss_box_reg": 0.20941812545061111, "loss_cls": 0.34969888627529144, "lr": 0.00019980100000000002, "num_pos_anchors": 79.25, "time": 0.38366104949977853, "total_loss": 0.5768476128578186}
{"data_time": 0.07491145900007723, "eta_seconds": 282.7036524002642, "iteration": 219, "loss_box_reg": 0.20009081065654755, "loss_cls": 0.27711646258831024, "lr": 0.000219781, "num_pos_anchors": 69.5, "time": 0.35655062950013416, "total_loss": 0.4965631365776062}
{"data_time": 0.07477514800007157, "eta_seconds": 274.5232293801746, "iteration": 239, "loss_box_reg": 0.1969314143061638, "loss_cls": 0.3851144462823868, "lr": 0.000239761, "num_pos_anchors": 75.25, "time": 0.3568695920000664, "total_loss": 0.6170419305562973}
{"data_time": 0.07435058349983592, "eta_seconds": 268.7142330800725, "iteration": 259, "loss_box_reg": 0.19107212126255035, "loss_cls": 0.21231532841920853, "lr": 0.000259741, "num_pos_anchors": 71.5, "time": 0.3769627469998795, "total_loss": 0.4171190708875656}
{"data_time": 0.08719216400027108, "eta_seconds": 262.92949740010954, "iteration": 279, "loss_box_reg": 0.21118955314159393, "loss_cls": 0.22940737754106522, "lr": 0.0002797210000000001, "num_pos_anchors": 77.0, "time": 0.37382466199983355, "total_loss": 0.3974812626838684}
{"data_time": 0.06468801849996453, "eta_seconds": 256.4176401501527, "iteration": 299, "loss_box_reg": 0.20970454066991806, "loss_cls": 0.2820237874984741, "lr": 0.000299701, "num_pos_anchors": 82.25, "time": 0.369195548000107, "total_loss": 0.5078368335962296}
{"data_time": 0.07417664600029639, "eta_seconds": 249.58157402003053, "iteration": 319, "loss_box_reg": 0.16997049003839493, "loss_cls": 0.2317672222852707, "lr": 0.000319681, "num_pos_anchors": 76.75, "time": 0.3726498649998575, "total_loss": 0.45577071607112885}
{"data_time": 0.07176934450012595, "eta_seconds": 242.24093949002963, "iteration": 339, "loss_box_reg": 0.1779862716794014, "loss_cls": 0.1894904524087906, "lr": 0.00033966100000000005, "num_pos_anchors": 76.0, "time": 0.365305191500056, "total_loss": 0.3498069941997528}
{"data_time": 0.07092176949981877, "eta_seconds": 234.90030496002873, "iteration": 359, "loss_box_reg": 0.24565484374761581, "loss_cls": 0.2705562859773636, "lr": 0.000359641, "num_pos_anchors": 78.5, "time": 0.36466663700002755, "total_loss": 0.48469606041908264}
{"data_time": 0.058718055500094124, "eta_seconds": 227.55967043002784, "iteration": 379, "loss_box_reg": 0.154090017080307, "loss_cls": 0.20452671498060226, "lr": 0.000379621, "num_pos_anchors": 63.5, "time": 0.3557299659998989, "total_loss": 0.3596842363476753}
{"data_time": 0.09816276900005505, "eta_seconds": 221.5173288000642, "iteration": 399, "loss_box_reg": 0.20664533972740173, "loss_cls": 0.27873751521110535, "lr": 0.000399601, "num_pos_anchors": 74.75, "time": 0.3963646605000122, "total_loss": 0.4708222895860672}
{"data_time": 0.06595079200019427, "eta_seconds": 213.57490974001394, "iteration": 419, "loss_box_reg": 0.22138729691505432, "loss_cls": 0.23937086760997772, "lr": 0.000419581, "num_pos_anchors": 89.75, "time": 0.36634747449988936, "total_loss": 0.460114948451519}
{"data_time": 0.07645186100012324, "eta_seconds": 206.74950688005993, "iteration": 439, "loss_box_reg": 0.17192605882883072, "loss_cls": 0.264517143368721, "lr": 0.000439561, "num_pos_anchors": 66.0, "time": 0.37339874949998375, "total_loss": 0.42856962978839874}
{"data_time": 0.06255466249990604, "eta_seconds": 198.67670279999857, "iteration": 459, "loss_box_reg": 0.18693305552005768, "loss_cls": 0.21137463301420212, "lr": 0.00045954100000000005, "num_pos_anchors": 64.5, "time": 0.36346559299977343, "total_loss": 0.4016335606575012}
{"data_time": 0.0494501284999842, "eta_seconds": 190.35023670005103, "iteration": 479, "loss_box_reg": 0.24118289351463318, "loss_cls": 0.30494222044944763, "lr": 0.000479521, "num_pos_anchors": 87.75, "time": 0.3448242270001174, "total_loss": 0.5220786929130554}
{"data_time": 0.08268628400014677, "eta_seconds": 182.87257400004364, "iteration": 499, "loss_box_reg": 0.19256868213415146, "loss_cls": 0.2015155926346779, "lr": 0.000499501, "num_pos_anchors": 74.0, "time": 0.35200352549986746, "total_loss": 0.3696482181549072}
{"data_time": 0.07647580549974009, "eta_seconds": 175.58428247997654, "iteration": 519, "loss_box_reg": 0.19058538228273392, "loss_cls": 0.23242540657520294, "lr": 0.000519481, "num_pos_anchors": 73.0, "time": 0.3697507974998189, "total_loss": 0.456147737801075}
{"data_time": 0.08898045249975439, "eta_seconds": 168.24276808004015, "iteration": 539, "loss_box_reg": 0.2135690227150917, "loss_cls": 0.23805169761180878, "lr": 0.0005394610000000001, "num_pos_anchors": 65.25, "time": 0.35785491750016263, "total_loss": 0.44093502312898636}
{"data_time": 0.08471998299978623, "eta_seconds": 160.98620977999417, "iteration": 559, "loss_box_reg": 0.16089415550231934, "loss_cls": 0.1639624610543251, "lr": 0.000559441, "num_pos_anchors": 59.25, "time": 0.38159879850013567, "total_loss": 0.34641359746456146}
{"data_time": 0.07077095449994886, "eta_seconds": 153.86593928995353, "iteration": 579, "loss_box_reg": 0.2211032435297966, "loss_cls": 0.28219377249479294, "lr": 0.000579421, "num_pos_anchors": 82.25, "time": 0.37696633349992226, "total_loss": 0.49326225370168686}
{"data_time": 0.06750505649984007, "eta_seconds": 146.32023539998045, "iteration": 599, "loss_box_reg": 0.2388409525156021, "loss_cls": 0.2511115148663521, "lr": 0.000599401, "num_pos_anchors": 80.75, "time": 0.34284402950015647,